Percentage of Black residents,Average Five-Star Rating
1,3.0101302460202604
2,3.019368723098996
3,2.883381924198251
4,2.7203147353361947
5,2.466284074605452
