Percentage below the poverty line,Average Five-Star Rating
1,3.0901098901098902
2,2.923576063446287
3,2.7958303378864127
4,2.747703180212014
5,2.5438088341781318
