Percentage of white residents,Average Five-Star Rating
1,2.6064981949458486
2,2.827933765298776
3,2.8659498207885306
4,2.911976911976912
5,2.883754512635379
